3, 20, 4, 2, 15, 5, 1, 27, 21, 8, 10, 26, 6, 9, 12, 24, 19, 23, 30, 7, 28, 25, 17, 13, 18, 22, 29, 11, 16, 14
3, 4, 20, 2, 15, 5, 1, 27, 21, 8, 10, 26, 6, 9, 12, 24, 19, 23, 30, 7, 28, 25, 17, 13, 18, 22, 29, 11, 16, 14
3, 4, 2, 20, 15, 5, 1, 27, 21, 8, 10, 26, 6, 9, 12, 24, 19, 23, 30, 7, 28, 25, 17, 13, 18, 22, 29, 11, 16, 14
3, 4, 2, 15, 20, 5, 1, 27, 21, 8, 10, 26, 6, 9, 12, 24, 19, 23, 30, 7, 28, 25, 17, 13, 18, 22, 29, 11, 16, 14
3, 4, 2, 15, 5, 20, 1, 27, 21, 8, 10, 26, 6, 9, 12, 24, 19, 23, 30, 7, 28, 25, 17, 13, 18, 22, 29, 11, 16, 14
3, 4, 2, 15, 5, 1, 20, 27, 21, 8, 10, 26, 6, 9, 12, 24, 19, 23, 30, 7, 28, 25, 17, 13, 18, 22, 29, 11, 16, 14
3, 4, 2, 15, 5, 1, 20, 27, 21, 8, 10, 26, 6, 9, 12, 24, 19, 23, 30, 7, 28, 25, 17, 13, 18, 22, 29, 11, 16, 14
3, 4, 2, 15, 5, 1, 20, 21, 27, 8, 10, 26, 6, 9, 12, 24, 19, 23, 30, 7, 28, 25, 17, 13, 18, 22, 29, 11, 16, 14
3, 4, 2, 15, 5, 1, 20, 21, 8, 27, 10, 26, 6, 9, 12, 24, 19, 23, 30, 7, 28, 25, 17, 13, 18, 22, 29, 11, 16, 14
3, 4, 2, 15, 5, 1, 20, 21, 8, 10, 27, 26, 6, 9, 12, 24, 19, 23, 30, 7, 28, 25, 17, 13, 18, 22, 29, 11, 16, 14
3, 4, 2, 15, 5, 1, 20, 21, 8, 10, 26, 27, 6, 9, 12, 24, 19, 23, 30, 7, 28, 25, 17, 13, 18, 22, 29, 11, 16, 14
3, 4, 2, 15, 5, 1, 20, 21, 8, 10, 26, 6, 27, 9, 12, 24, 19, 23, 30, 7, 28, 25, 17, 13, 18, 22, 29, 11, 16, 14
3, 4, 2, 15, 5, 1, 20, 21, 8, 10, 26, 6, 9, 27, 12, 24, 19, 23, 30, 7, 28, 25, 17, 13, 18, 22, 29, 11, 16, 14
3, 4, 2, 15, 5, 1, 20, 21, 8, 10, 26, 6, 9, 12, 27, 24, 19, 23, 30, 7, 28, 25, 17, 13, 18, 22, 29, 11, 16, 14
3, 4, 2, 15, 5, 1, 20, 21, 8, 10, 26, 6, 9, 12, 24, 27, 19, 23, 30, 7, 28, 25, 17, 13, 18, 22, 29, 11, 16, 14
3, 4, 2, 15, 5, 1, 20, 21, 8, 10, 26, 6, 9, 12, 24, 19, 27, 23, 30, 7, 28, 25, 17, 13, 18, 22, 29, 11, 16, 14
3, 4, 2, 15, 5, 1, 20, 21, 8, 10, 26, 6, 9, 12, 24, 19, 23, 27, 30, 7, 28, 25, 17, 13, 18, 22, 29, 11, 16, 14
3, 4, 2, 15, 5, 1, 20, 21, 8, 10, 26, 6, 9, 12, 24, 19, 23, 27, 30, 7, 28, 25, 17, 13, 18, 22, 29, 11, 16, 14
3, 4, 2, 15, 5, 1, 20, 21, 8, 10, 26, 6, 9, 12, 24, 19, 23, 27, 7, 30, 28, 25, 17, 13, 18, 22, 29, 11, 16, 14
3, 4, 2, 15, 5, 1, 20, 21, 8, 10, 26, 6, 9, 12, 24, 19, 23, 27, 7, 28, 30, 25, 17, 13, 18, 22, 29, 11, 16, 14
3, 4, 2, 15, 5, 1, 20, 21, 8, 10, 26, 6, 9, 12, 24, 19, 23, 27, 7, 28, 25, 30, 17, 13, 18, 22, 29, 11, 16, 14
3, 4, 2, 15, 5, 1, 20, 21, 8, 10, 26, 6, 9, 12, 24, 19, 23, 27, 7, 28, 25, 17, 30, 13, 18, 22, 29, 11, 16, 14
3, 4, 2, 15, 5, 1, 20, 21, 8, 10, 26, 6, 9, 12, 24, 19, 23, 27, 7, 28, 25, 17, 13, 30, 18, 22, 29, 11, 16, 14
3, 4, 2, 15, 5, 1, 20, 21, 8, 10, 26, 6, 9, 12, 24, 19, 23, 27, 7, 28, 25, 17, 13, 18, 30, 22, 29, 11, 16, 14
3, 4, 2, 15, 5, 1, 20, 21, 8, 10, 26, 6, 9, 12, 24, 19, 23, 27, 7, 28, 25, 17, 13, 18, 22, 30, 29, 11, 16, 14
3, 4, 2, 15, 5, 1, 20, 21, 8, 10, 26, 6, 9, 12, 24, 19, 23, 27, 7, 28, 25, 17, 13, 18, 22, 29, 30, 11, 16, 14
3, 4, 2, 15, 5, 1, 20, 21, 8, 10, 26, 6, 9, 12, 24, 19, 23, 27, 7, 28, 25, 17, 13, 18, 22, 29, 11, 30, 16, 14
3, 4, 2, 15, 5, 1, 20, 21, 8, 10, 26, 6, 9, 12, 24, 19, 23, 27, 7, 28, 25, 17, 13, 18, 22, 29, 11, 16, 30, 14
3, 4, 2, 15, 5, 1, 20, 21, 8, 10, 26, 6, 9, 12, 24, 19, 23, 27, 7, 28, 25, 17, 13, 18, 22, 29, 11, 16, 14, 30
3, 4, 2, 15, 5, 1, 20, 21, 8, 10, 26, 6, 9, 12, 24, 19, 23, 27, 7, 28, 25, 17, 13, 18, 22, 29, 11, 16, 14, 30
3, 2, 4, 15, 5, 1, 20, 21, 8, 10, 26, 6, 9, 12, 24, 19, 23, 27, 7, 28, 25, 17, 13, 18, 22, 29, 11, 16, 14, 30
3, 2, 4, 15, 5, 1, 20, 21, 8, 10, 26, 6, 9, 12, 24, 19, 23, 27, 7, 28, 25, 17, 13, 18, 22, 29, 11, 16, 14, 30
3, 2, 4, 5, 15, 1, 20, 21, 8, 10, 26, 6, 9, 12, 24, 19, 23, 27, 7, 28, 25, 17, 13, 18, 22, 29, 11, 16, 14, 30
3, 2, 4, 5, 1, 15, 20, 21, 8, 10, 26, 6, 9, 12, 24, 19, 23, 27, 7, 28, 25, 17, 13, 18, 22, 29, 11, 16, 14, 30
3, 2, 4, 5, 1, 15, 20, 21, 8, 10, 26, 6, 9, 12, 24, 19, 23, 27, 7, 28, 25, 17, 13, 18, 22, 29, 11, 16, 14, 30
3, 2, 4, 5, 1, 15, 20, 21, 8, 10, 26, 6, 9, 12, 24, 19, 23, 27, 7, 28, 25, 17, 13, 18, 22, 29, 11, 16, 14, 30
3, 2, 4, 5, 1, 15, 20, 8, 21, 10, 26, 6, 9, 12, 24, 19, 23, 27, 7, 28, 25, 17, 13, 18, 22, 29, 11, 16, 14, 30
3, 2, 4, 5, 1, 15, 20, 8, 10, 21, 26, 6, 9, 12, 24, 19, 23, 27, 7, 28, 25, 17, 13, 18, 22, 29, 11, 16, 14, 30
3, 2, 4, 5, 1, 15, 20, 8, 10, 21, 26, 6, 9, 12, 24, 19, 23, 27, 7, 28, 25, 17, 13, 18, 22, 29, 11, 16, 14, 30
3, 2, 4, 5, 1, 15, 20, 8, 10, 21, 6, 26, 9, 12, 24, 19, 23, 27, 7, 28, 25, 17, 13, 18, 22, 29, 11, 16, 14, 30
3, 2, 4, 5, 1, 15, 20, 8, 10, 21, 6, 9, 26, 12, 24, 19, 23, 27, 7, 28, 25, 17, 13, 18, 22, 29, 11, 16, 14, 30
3, 2, 4, 5, 1, 15, 20, 8, 10, 21, 6, 9, 12, 26, 24, 19, 23, 27, 7, 28, 25, 17, 13, 18, 22, 29, 11, 16, 14, 30
3, 2, 4, 5, 1, 15, 20, 8, 10, 21, 6, 9, 12, 24, 26, 19, 23, 27, 7, 28, 25, 17, 13, 18, 22, 29, 11, 16, 14, 30
3, 2, 4, 5, 1, 15, 20, 8, 10, 21, 6, 9, 12, 24, 19, 26, 23, 27, 7, 28, 25, 17, 13, 18, 22, 29, 11, 16, 14, 30
3, 2, 4, 5, 1, 15, 20, 8, 10, 21, 6, 9, 12, 24, 19, 23, 26, 27, 7, 28, 25, 17, 13, 18, 22, 29, 11, 16, 14, 30
3, 2, 4, 5, 1, 15, 20, 8, 10, 21, 6, 9, 12, 24, 19, 23, 26, 27, 7, 28, 25, 17, 13, 18, 22, 29, 11, 16, 14, 30
3, 2, 4, 5, 1, 15, 20, 8, 10, 21, 6, 9, 12, 24, 19, 23, 26, 7, 27, 28, 25, 17, 13, 18, 22, 29, 11, 16, 14, 30
3, 2, 4, 5, 1, 15, 20, 8, 10, 21, 6, 9, 12, 24, 19, 23, 26, 7, 27, 28, 25, 17, 13, 18, 22, 29, 11, 16, 14, 30
3, 2, 4, 5, 1, 15, 20, 8, 10, 21, 6, 9, 12, 24, 19, 23, 26, 7, 27, 25, 28, 17, 13, 18, 22, 29, 11, 16, 14, 30
3, 2, 4, 5, 1, 15, 20, 8, 10, 21, 6, 9, 12, 24, 19, 23, 26, 7, 27, 25, 17, 28, 13, 18, 22, 29, 11, 16, 14, 30
3, 2, 4, 5, 1, 15, 20, 8, 10, 21, 6, 9, 12, 24, 19, 23, 26, 7, 27, 25, 17, 13, 28, 18, 22, 29, 11, 16, 14, 30
3, 2, 4, 5, 1, 15, 20, 8, 10, 21, 6, 9, 12, 24, 19, 23, 26, 7, 27, 25, 17, 13, 18, 28, 22, 29, 11, 16, 14, 30
3, 2, 4, 5, 1, 15, 20, 8, 10, 21, 6, 9, 12, 24, 19, 23, 26, 7, 27, 25, 17, 13, 18, 22, 28, 29, 11, 16, 14, 30
3, 2, 4, 5, 1, 15, 20, 8, 10, 21, 6, 9, 12, 24, 19, 23, 26, 7, 27, 25, 17, 13, 18, 22, 28, 29, 11, 16, 14, 30
3, 2, 4, 5, 1, 15, 20, 8, 10, 21, 6, 9, 12, 24, 19, 23, 26, 7, 27, 25, 17, 13, 18, 22, 28, 11, 29, 16, 14, 30
3, 2, 4, 5, 1, 15, 20, 8, 10, 21, 6, 9, 12, 24, 19, 23, 26, 7, 27, 25, 17, 13, 18, 22, 28, 11, 16, 29, 14, 30
3, 2, 4, 5, 1, 15, 20, 8, 10, 21, 6, 9, 12, 24, 19, 23, 26, 7, 27, 25, 17, 13, 18, 22, 28, 11, 16, 14, 29, 30
2, 3, 4, 5, 1, 15, 20, 8, 10, 21, 6, 9, 12, 24, 19, 23, 26, 7, 27, 25, 17, 13, 18, 22, 28, 11, 16, 14, 29, 30
2, 3, 4, 5, 1, 15, 20, 8, 10, 21, 6, 9, 12, 24, 19, 23, 26, 7, 27, 25, 17, 13, 18, 22, 28, 11, 16, 14, 29, 30
2, 3, 4, 5, 1, 15, 20, 8, 10, 21, 6, 9, 12, 24, 19, 23, 26, 7, 27, 25, 17, 13, 18, 22, 28, 11, 16, 14, 29, 30
2, 3, 4, 1, 5, 15, 20, 8, 10, 21, 6, 9, 12, 24, 19, 23, 26, 7, 27, 25, 17, 13, 18, 22, 28, 11, 16, 14, 29, 30
2, 3, 4, 1, 5, 15, 20, 8, 10, 21, 6, 9, 12, 24, 19, 23, 26, 7, 27, 25, 17, 13, 18, 22, 28, 11, 16, 14, 29, 30
2, 3, 4, 1, 5, 15, 20, 8, 10, 21, 6, 9, 12, 24, 19, 23, 26, 7, 27, 25, 17, 13, 18, 22, 28, 11, 16, 14, 29, 30
2, 3, 4, 1, 5, 15, 8, 20, 10, 21, 6, 9, 12, 24, 19, 23, 26, 7, 27, 25, 17, 13, 18, 22, 28, 11, 16, 14, 29, 30
2, 3, 4, 1, 5, 15, 8, 10, 20, 21, 6, 9, 12, 24, 19, 23, 26, 7, 27, 25, 17, 13, 18, 22, 28, 11, 16, 14, 29, 30
2, 3, 4, 1, 5, 15, 8, 10, 20, 21, 6, 9, 12, 24, 19, 23, 26, 7, 27, 25, 17, 13, 18, 22, 28, 11, 16, 14, 29, 30
2, 3, 4, 1, 5, 15, 8, 10, 20, 6, 21, 9, 12, 24, 19, 23, 26, 7, 27, 25, 17, 13, 18, 22, 28, 11, 16, 14, 29, 30
2, 3, 4, 1, 5, 15, 8, 10, 20, 6, 9, 21, 12, 24, 19, 23, 26, 7, 27, 25, 17, 13, 18, 22, 28, 11, 16, 14, 29, 30
2, 3, 4, 1, 5, 15, 8, 10, 20, 6, 9, 12, 21, 24, 19, 23, 26, 7, 27, 25, 17, 13, 18, 22, 28, 11, 16, 14, 29, 30
2, 3, 4, 1, 5, 15, 8, 10, 20, 6, 9, 12, 21, 24, 19, 23, 26, 7, 27, 25, 17, 13, 18, 22, 28, 11, 16, 14, 29, 30
2, 3, 4, 1, 5, 15, 8, 10, 20, 6, 9, 12, 21, 19, 24, 23, 26, 7, 27, 25, 17, 13, 18, 22, 28, 11, 16, 14, 29, 30
2, 3, 4, 1, 5, 15, 8, 10, 20, 6, 9, 12, 21, 19, 23, 24, 26, 7, 27, 25, 17, 13, 18, 22, 28, 11, 16, 14, 29, 30
2, 3, 4, 1, 5, 15, 8, 10, 20, 6, 9, 12, 21, 19, 23, 24, 26, 7, 27, 25, 17, 13, 18, 22, 28, 11, 16, 14, 29, 30
2, 3, 4, 1, 5, 15, 8, 10, 20, 6, 9, 12, 21, 19, 23, 24, 7, 26, 27, 25, 17, 13, 18, 22, 28, 11, 16, 14, 29, 30
2, 3, 4, 1, 5, 15, 8, 10, 20, 6, 9, 12, 21, 19, 23, 24, 7, 26, 27, 25, 17, 13, 18, 22, 28, 11, 16, 14, 29, 30
2, 3, 4, 1, 5, 15, 8, 10, 20, 6, 9, 12, 21, 19, 23, 24, 7, 26, 25, 27, 17, 13, 18, 22, 28, 11, 16, 14, 29, 30
2, 3, 4, 1, 5, 15, 8, 10, 20, 6, 9, 12, 21, 19, 23, 24, 7, 26, 25, 17, 27, 13, 18, 22, 28, 11, 16, 14, 29, 30
2, 3, 4, 1, 5, 15, 8, 10, 20, 6, 9, 12, 21, 19, 23, 24, 7, 26, 25, 17, 13, 27, 18, 22, 28, 11, 16, 14, 29, 30
2, 3, 4, 1, 5, 15, 8, 10, 20, 6, 9, 12, 21, 19, 23, 24, 7, 26, 25, 17, 13, 18, 27, 22, 28, 11, 16, 14, 29, 30
2, 3, 4, 1, 5, 15, 8, 10, 20, 6, 9, 12, 21, 19, 23, 24, 7, 26, 25, 17, 13, 18, 22, 27, 28, 11, 16, 14, 29, 30
2, 3, 4, 1, 5, 15, 8, 10, 20, 6, 9, 12, 21, 19, 23, 24, 7, 26, 25, 17, 13, 18, 22, 27, 28, 11, 16, 14, 29, 30
2, 3, 4, 1, 5, 15, 8, 10, 20, 6, 9, 12, 21, 19, 23, 24, 7, 26, 25, 17, 13, 18, 22, 27, 11, 28, 16, 14, 29, 30
2, 3, 4, 1, 5, 15, 8, 10, 20, 6, 9, 12, 21, 19, 23, 24, 7, 26, 25, 17, 13, 18, 22, 27, 11, 16, 28, 14, 29, 30
2, 3, 4, 1, 5, 15, 8, 10, 20, 6, 9, 12, 21, 19, 23, 24, 7, 26, 25, 17, 13, 18, 22, 27, 11, 16, 14, 28, 29, 30
2, 3, 4, 1, 5, 15, 8, 10, 20, 6, 9, 12, 21, 19, 23, 24, 7, 26, 25, 17, 13, 18, 22, 27, 11, 16, 14, 28, 29, 30
2, 3, 4, 1, 5, 15, 8, 10, 20, 6, 9, 12, 21, 19, 23, 24, 7, 26, 25, 17, 13, 18, 22, 27, 11, 16, 14, 28, 29, 30
2, 3, 1, 4, 5, 15, 8, 10, 20, 6, 9, 12, 21, 19, 23, 24, 7, 26, 25, 17, 13, 18, 22, 27, 11, 16, 14, 28, 29, 30
2, 3, 1, 4, 5, 15, 8, 10, 20, 6, 9, 12, 21, 19, 23, 24, 7, 26, 25, 17, 13, 18, 22, 27, 11, 16, 14, 28, 29, 30
2, 3, 1, 4, 5, 15, 8, 10, 20, 6, 9, 12, 21, 19, 23, 24, 7, 26, 25, 17, 13, 18, 22, 27, 11, 16, 14, 28, 29, 30
2, 3, 1, 4, 5, 8, 15, 10, 20, 6, 9, 12, 21, 19, 23, 24, 7, 26, 25, 17, 13, 18, 22, 27, 11, 16, 14, 28, 29, 30
2, 3, 1, 4, 5, 8, 10, 15, 20, 6, 9, 12, 21, 19, 23, 24, 7, 26, 25, 17, 13, 18, 22, 27, 11, 16, 14, 28, 29, 30
2, 3, 1, 4, 5, 8, 10, 15, 20, 6, 9, 12, 21, 19, 23, 24, 7, 26, 25, 17, 13, 18, 22, 27, 11, 16, 14, 28, 29, 30
2, 3, 1, 4, 5, 8, 10, 15, 6, 20, 9, 12, 21, 19, 23, 24, 7, 26, 25, 17, 13, 18, 22, 27, 11, 16, 14, 28, 29, 30
2, 3, 1, 4, 5, 8, 10, 15, 6, 9, 20, 12, 21, 19, 23, 24, 7, 26, 25, 17, 13, 18, 22, 27, 11, 16, 14, 28, 29, 30
2, 3, 1, 4, 5, 8, 10, 15, 6, 9, 12, 20, 21, 19, 23, 24, 7, 26, 25, 17, 13, 18, 22, 27, 11, 16, 14, 28, 29, 30
2, 3, 1, 4, 5, 8, 10, 15, 6, 9, 12, 20, 21, 19, 23, 24, 7, 26, 25, 17, 13, 18, 22, 27, 11, 16, 14, 28, 29, 30
2, 3, 1, 4, 5, 8, 10, 15, 6, 9, 12, 20, 19, 21, 23, 24, 7, 26, 25, 17, 13, 18, 22, 27, 11, 16, 14, 28, 29, 30
2, 3, 1, 4, 5, 8, 10, 15, 6, 9, 12, 20, 19, 21, 23, 24, 7, 26, 25, 17, 13, 18, 22, 27, 11, 16, 14, 28, 29, 30
2, 3, 1, 4, 5, 8, 10, 15, 6, 9, 12, 20, 19, 21, 23, 24, 7, 26, 25, 17, 13, 18, 22, 27, 11, 16, 14, 28, 29, 30
2, 3, 1, 4, 5, 8, 10, 15, 6, 9, 12, 20, 19, 21, 23, 7, 24, 26, 25, 17, 13, 18, 22, 27, 11, 16, 14, 28, 29, 30
2, 3, 1, 4, 5, 8, 10, 15, 6, 9, 12, 20, 19, 21, 23, 7, 24, 26, 25, 17, 13, 18, 22, 27, 11, 16, 14, 28, 29, 30
2, 3, 1, 4, 5, 8, 10, 15, 6, 9, 12, 20, 19, 21, 23, 7, 24, 25, 26, 17, 13, 18, 22, 27, 11, 16, 14, 28, 29, 30
2, 3, 1, 4, 5, 8, 10, 15, 6, 9, 12, 20, 19, 21, 23, 7, 24, 25, 17, 26, 13, 18, 22, 27, 11, 16, 14, 28, 29, 30
2, 3, 1, 4, 5, 8, 10, 15, 6, 9, 12, 20, 19, 21, 23, 7, 24, 25, 17, 13, 26, 18, 22, 27, 11, 16, 14, 28, 29, 30
2, 3, 1, 4, 5, 8, 10, 15, 6, 9, 12, 20, 19, 21, 23, 7, 24, 25, 17, 13, 18, 26, 22, 27, 11, 16, 14, 28, 29, 30
2, 3, 1, 4, 5, 8, 10, 15, 6, 9, 12, 20, 19, 21, 23, 7, 24, 25, 17, 13, 18, 22, 26, 27, 11, 16, 14, 28, 29, 30
2, 3, 1, 4, 5, 8, 10, 15, 6, 9, 12, 20, 19, 21, 23, 7, 24, 25, 17, 13, 18, 22, 26, 27, 11, 16, 14, 28, 29, 30
2, 3, 1, 4, 5, 8, 10, 15, 6, 9, 12, 20, 19, 21, 23, 7, 24, 25, 17, 13, 18, 22, 26, 11, 27, 16, 14, 28, 29, 30
2, 3, 1, 4, 5, 8, 10, 15, 6, 9, 12, 20, 19, 21, 23, 7, 24, 25, 17, 13, 18, 22, 26, 11, 16, 27, 14, 28, 29, 30
2, 3, 1, 4, 5, 8, 10, 15, 6, 9, 12, 20, 19, 21, 23, 7, 24, 25, 17, 13, 18, 22, 26, 11, 16, 14, 27, 28, 29, 30
2, 3, 1, 4, 5, 8, 10, 15, 6, 9, 12, 20, 19, 21, 23, 7, 24, 25, 17, 13, 18, 22, 26, 11, 16, 14, 27, 28, 29, 30
2, 1, 3, 4, 5, 8, 10, 15, 6, 9, 12, 20, 19, 21, 23, 7, 24, 25, 17, 13, 18, 22, 26, 11, 16, 14, 27, 28, 29, 30
2, 1, 3, 4, 5, 8, 10, 15, 6, 9, 12, 20, 19, 21, 23, 7, 24, 25, 17, 13, 18, 22, 26, 11, 16, 14, 27, 28, 29, 30
2, 1, 3, 4, 5, 8, 10, 15, 6, 9, 12, 20, 19, 21, 23, 7, 24, 25, 17, 13, 18, 22, 26, 11, 16, 14, 27, 28, 29, 30
2, 1, 3, 4, 5, 8, 10, 15, 6, 9, 12, 20, 19, 21, 23, 7, 24, 25, 17, 13, 18, 22, 26, 11, 16, 14, 27, 28, 29, 30
2, 1, 3, 4, 5, 8, 10, 15, 6, 9, 12, 20, 19, 21, 23, 7, 24, 25, 17, 13, 18, 22, 26, 11, 16, 14, 27, 28, 29, 30
2, 1, 3, 4, 5, 8, 10, 15, 6, 9, 12, 20, 19, 21, 23, 7, 24, 25, 17, 13, 18, 22, 26, 11, 16, 14, 27, 28, 29, 30
2, 1, 3, 4, 5, 8, 10, 6, 15, 9, 12, 20, 19, 21, 23, 7, 24, 25, 17, 13, 18, 22, 26, 11, 16, 14, 27, 28, 29, 30
2, 1, 3, 4, 5, 8, 10, 6, 9, 15, 12, 20, 19, 21, 23, 7, 24, 25, 17, 13, 18, 22, 26, 11, 16, 14, 27, 28, 29, 30
2, 1, 3, 4, 5, 8, 10, 6, 9, 12, 15, 20, 19, 21, 23, 7, 24, 25, 17, 13, 18, 22, 26, 11, 16, 14, 27, 28, 29, 30
2, 1, 3, 4, 5, 8, 10, 6, 9, 12, 15, 20, 19, 21, 23, 7, 24, 25, 17, 13, 18, 22, 26, 11, 16, 14, 27, 28, 29, 30
2, 1, 3, 4, 5, 8, 10, 6, 9, 12, 15, 19, 20, 21, 23, 7, 24, 25, 17, 13, 18, 22, 26, 11, 16, 14, 27, 28, 29, 30
2, 1, 3, 4, 5, 8, 10, 6, 9, 12, 15, 19, 20, 21, 23, 7, 24, 25, 17, 13, 18, 22, 26, 11, 16, 14, 27, 28, 29, 30
2, 1, 3, 4, 5, 8, 10, 6, 9, 12, 15, 19, 20, 21, 23, 7, 24, 25, 17, 13, 18, 22, 26, 11, 16, 14, 27, 28, 29, 30
2, 1, 3, 4, 5, 8, 10, 6, 9, 12, 15, 19, 20, 21, 7, 23, 24, 25, 17, 13, 18, 22, 26, 11, 16, 14, 27, 28, 29, 30
2, 1, 3, 4, 5, 8, 10, 6, 9, 12, 15, 19, 20, 21, 7, 23, 24, 25, 17, 13, 18, 22, 26, 11, 16, 14, 27, 28, 29, 30
2, 1, 3, 4, 5, 8, 10, 6, 9, 12, 15, 19, 20, 21, 7, 23, 24, 25, 17, 13, 18, 22, 26, 11, 16, 14, 27, 28, 29, 30
2, 1, 3, 4, 5, 8, 10, 6, 9, 12, 15, 19, 20, 21, 7, 23, 24, 17, 25, 13, 18, 22, 26, 11, 16, 14, 27, 28, 29, 30
2, 1, 3, 4, 5, 8, 10, 6, 9, 12, 15, 19, 20, 21, 7, 23, 24, 17, 13, 25, 18, 22, 26, 11, 16, 14, 27, 28, 29, 30
2, 1, 3, 4, 5, 8, 10, 6, 9, 12, 15, 19, 20, 21, 7, 23, 24, 17, 13, 18, 25, 22, 26, 11, 16, 14, 27, 28, 29, 30
2, 1, 3, 4, 5, 8, 10, 6, 9, 12, 15, 19, 20, 21, 7, 23, 24, 17, 13, 18, 22, 25, 26, 11, 16, 14, 27, 28, 29, 30
2, 1, 3, 4, 5, 8, 10, 6, 9, 12, 15, 19, 20, 21, 7, 23, 24, 17, 13, 18, 22, 25, 26, 11, 16, 14, 27, 28, 29, 30
2, 1, 3, 4, 5, 8, 10, 6, 9, 12, 15, 19, 20, 21, 7, 23, 24, 17, 13, 18, 22, 25, 11, 26, 16, 14, 27, 28, 29, 30
2, 1, 3, 4, 5, 8, 10, 6, 9, 12, 15, 19, 20, 21, 7, 23, 24, 17, 13, 18, 22, 25, 11, 16, 26, 14, 27, 28, 29, 30
2, 1, 3, 4, 5, 8, 10, 6, 9, 12, 15, 19, 20, 21, 7, 23, 24, 17, 13, 18, 22, 25, 11, 16, 14, 26, 27, 28, 29, 30
1, 2, 3, 4, 5, 8, 10, 6, 9, 12, 15, 19, 20, 21, 7, 23, 24, 17, 13, 18, 22, 25, 11, 16, 14, 26, 27, 28, 29, 30
1, 2, 3, 4, 5, 8, 10, 6, 9, 12, 15, 19, 20, 21, 7, 23, 24, 17, 13, 18, 22, 25, 11, 16, 14, 26, 27, 28, 29, 30
1, 2, 3, 4, 5, 8, 10, 6, 9, 12, 15, 19, 20, 21, 7, 23, 24, 17, 13, 18, 22, 25, 11, 16, 14, 26, 27, 28, 29, 30
1, 2, 3, 4, 5, 8, 10, 6, 9, 12, 15, 19, 20, 21, 7, 23, 24, 17, 13, 18, 22, 25, 11, 16, 14, 26, 27, 28, 29, 30
1, 2, 3, 4, 5, 8, 10, 6, 9, 12, 15, 19, 20, 21, 7, 23, 24, 17, 13, 18, 22, 25, 11, 16, 14, 26, 27, 28, 29, 30
1, 2, 3, 4, 5, 8, 10, 6, 9, 12, 15, 19, 20, 21, 7, 23, 24, 17, 13, 18, 22, 25, 11, 16, 14, 26, 27, 28, 29, 30
1, 2, 3, 4, 5, 8, 6, 10, 9, 12, 15, 19, 20, 21, 7, 23, 24, 17, 13, 18, 22, 25, 11, 16, 14, 26, 27, 28, 29, 30
1, 2, 3, 4, 5, 8, 6, 9, 10, 12, 15, 19, 20, 21, 7, 23, 24, 17, 13, 18, 22, 25, 11, 16, 14, 26, 27, 28, 29, 30
1, 2, 3, 4, 5, 8, 6, 9, 10, 12, 15, 19, 20, 21, 7, 23, 24, 17, 13, 18, 22, 25, 11, 16, 14, 26, 27, 28, 29, 30
1, 2, 3, 4, 5, 8, 6, 9, 10, 12, 15, 19, 20, 21, 7, 23, 24, 17, 13, 18, 22, 25, 11, 16, 14, 26, 27, 28, 29, 30
1, 2, 3, 4, 5, 8, 6, 9, 10, 12, 15, 19, 20, 21, 7, 23, 24, 17, 13, 18, 22, 25, 11, 16, 14, 26, 27, 28, 29, 30
1, 2, 3, 4, 5, 8, 6, 9, 10, 12, 15, 19, 20, 21, 7, 23, 24, 17, 13, 18, 22, 25, 11, 16, 14, 26, 27, 28, 29, 30
1, 2, 3, 4, 5, 8, 6, 9, 10, 12, 15, 19, 20, 21, 7, 23, 24, 17, 13, 18, 22, 25, 11, 16, 14, 26, 27, 28, 29, 30
1, 2, 3, 4, 5, 8, 6, 9, 10, 12, 15, 19, 20, 7, 21, 23, 24, 17, 13, 18, 22, 25, 11, 16, 14, 26, 27, 28, 29, 30
1, 2, 3, 4, 5, 8, 6, 9, 10, 12, 15, 19, 20, 7, 21, 23, 24, 17, 13, 18, 22, 25, 11, 16, 14, 26, 27, 28, 29, 30
1, 2, 3, 4, 5, 8, 6, 9, 10, 12, 15, 19, 20, 7, 21, 23, 24, 17, 13, 18, 22, 25, 11, 16, 14, 26, 27, 28, 29, 30
1, 2, 3, 4, 5, 8, 6, 9, 10, 12, 15, 19, 20, 7, 21, 23, 17, 24, 13, 18, 22, 25, 11, 16, 14, 26, 27, 28, 29, 30
1, 2, 3, 4, 5, 8, 6, 9, 10, 12, 15, 19, 20, 7, 21, 23, 17, 13, 24, 18, 22, 25, 11, 16, 14, 26, 27, 28, 29, 30
1, 2, 3, 4, 5, 8, 6, 9, 10, 12, 15, 19, 20, 7, 21, 23, 17, 13, 18, 24, 22, 25, 11, 16, 14, 26, 27, 28, 29, 30
1, 2, 3, 4, 5, 8, 6, 9, 10, 12, 15, 19, 20, 7, 21, 23, 17, 13, 18, 22, 24, 25, 11, 16, 14, 26, 27, 28, 29, 30
1, 2, 3, 4, 5, 8, 6, 9, 10, 12, 15, 19, 20, 7, 21, 23, 17, 13, 18, 22, 24, 25, 11, 16, 14, 26, 27, 28, 29, 30
1, 2, 3, 4, 5, 8, 6, 9, 10, 12, 15, 19, 20, 7, 21, 23, 17, 13, 18, 22, 24, 11, 25, 16, 14, 26, 27, 28, 29, 30
1, 2, 3, 4, 5, 8, 6, 9, 10, 12, 15, 19, 20, 7, 21, 23, 17, 13, 18, 22, 24, 11, 16, 25, 14, 26, 27, 28, 29, 30
1, 2, 3, 4, 5, 8, 6, 9, 10, 12, 15, 19, 20, 7, 21, 23, 17, 13, 18, 22, 24, 11, 16, 14, 25, 26, 27, 28, 29, 30
1, 2, 3, 4, 5, 8, 6, 9, 10, 12, 15, 19, 20, 7, 21, 23, 17, 13, 18, 22, 24, 11, 16, 14, 25, 26, 27, 28, 29, 30
1, 2, 3, 4, 5, 8, 6, 9, 10, 12, 15, 19, 20, 7, 21, 23, 17, 13, 18, 22, 24, 11, 16, 14, 25, 26, 27, 28, 29, 30
1, 2, 3, 4, 5, 8, 6, 9, 10, 12, 15, 19, 20, 7, 21, 23, 17, 13, 18, 22, 24, 11, 16, 14, 25, 26, 27, 28, 29, 30
1, 2, 3, 4, 5, 8, 6, 9, 10, 12, 15, 19, 20, 7, 21, 23, 17, 13, 18, 22, 24, 11, 16, 14, 25, 26, 27, 28, 29, 30
1, 2, 3, 4, 5, 8, 6, 9, 10, 12, 15, 19, 20, 7, 21, 23, 17, 13, 18, 22, 24, 11, 16, 14, 25, 26, 27, 28, 29, 30
1, 2, 3, 4, 5, 6, 8, 9, 10, 12, 15, 19, 20, 7, 21, 23, 17, 13, 18, 22, 24, 11, 16, 14, 25, 26, 27, 28, 29, 30
1, 2, 3, 4, 5, 6, 8, 9, 10, 12, 15, 19, 20, 7, 21, 23, 17, 13, 18, 22, 24, 11, 16, 14, 25, 26, 27, 28, 29, 30
1, 2, 3, 4, 5, 6, 8, 9, 10, 12, 15, 19, 20, 7, 21, 23, 17, 13, 18, 22, 24, 11, 16, 14, 25, 26, 27, 28, 29, 30
1, 2, 3, 4, 5, 6, 8, 9, 10, 12, 15, 19, 20, 7, 21, 23, 17, 13, 18, 22, 24, 11, 16, 14, 25, 26, 27, 28, 29, 30
1, 2, 3, 4, 5, 6, 8, 9, 10, 12, 15, 19, 20, 7, 21, 23, 17, 13, 18, 22, 24, 11, 16, 14, 25, 26, 27, 28, 29, 30
1, 2, 3, 4, 5, 6, 8, 9, 10, 12, 15, 19, 20, 7, 21, 23, 17, 13, 18, 22, 24, 11, 16, 14, 25, 26, 27, 28, 29, 30
1, 2, 3, 4, 5, 6, 8, 9, 10, 12, 15, 19, 20, 7, 21, 23, 17, 13, 18, 22, 24, 11, 16, 14, 25, 26, 27, 28, 29, 30
1, 2, 3, 4, 5, 6, 8, 9, 10, 12, 15, 19, 7, 20, 21, 23, 17, 13, 18, 22, 24, 11, 16, 14, 25, 26, 27, 28, 29, 30
1, 2, 3, 4, 5, 6, 8, 9, 10, 12, 15, 19, 7, 20, 21, 23, 17, 13, 18, 22, 24, 11, 16, 14, 25, 26, 27, 28, 29, 30
1, 2, 3, 4, 5, 6, 8, 9, 10, 12, 15, 19, 7, 20, 21, 23, 17, 13, 18, 22, 24, 11, 16, 14, 25, 26, 27, 28, 29, 30
1, 2, 3, 4, 5, 6, 8, 9, 10, 12, 15, 19, 7, 20, 21, 17, 23, 13, 18, 22, 24, 11, 16, 14, 25, 26, 27, 28, 29, 30
1, 2, 3, 4, 5, 6, 8, 9, 10, 12, 15, 19, 7, 20, 21, 17, 13, 23, 18, 22, 24, 11, 16, 14, 25, 26, 27, 28, 29, 30
1, 2, 3, 4, 5, 6, 8, 9, 10, 12, 15, 19, 7, 20, 21, 17, 13, 18, 23, 22, 24, 11, 16, 14, 25, 26, 27, 28, 29, 30
1, 2, 3, 4, 5, 6, 8, 9, 10, 12, 15, 19, 7, 20, 21, 17, 13, 18, 22, 23, 24, 11, 16, 14, 25, 26, 27, 28, 29, 30
1, 2, 3, 4, 5, 6, 8, 9, 10, 12, 15, 19, 7, 20, 21, 17, 13, 18, 22, 23, 24, 11, 16, 14, 25, 26, 27, 28, 29, 30
1, 2, 3, 4, 5, 6, 8, 9, 10, 12, 15, 19, 7, 20, 21, 17, 13, 18, 22, 23, 11, 24, 16, 14, 25, 26, 27, 28, 29, 30
1, 2, 3, 4, 5, 6, 8, 9, 10, 12, 15, 19, 7, 20, 21, 17, 13, 18, 22, 23, 11, 16, 24, 14, 25, 26, 27, 28, 29, 30
1, 2, 3, 4, 5, 6, 8, 9, 10, 12, 15, 19, 7, 20, 21, 17, 13, 18, 22, 23, 11, 16, 14, 24, 25, 26, 27, 28, 29, 30
1, 2, 3, 4, 5, 6, 8, 9, 10, 12, 15, 19, 7, 20, 21, 17, 13, 18, 22, 23, 11, 16, 14, 24, 25, 26, 27, 28, 29, 30
1, 2, 3, 4, 5, 6, 8, 9, 10, 12, 15, 19, 7, 20, 21, 17, 13, 18, 22, 23, 11, 16, 14, 24, 25, 26, 27, 28, 29, 30
1, 2, 3, 4, 5, 6, 8, 9, 10, 12, 15, 19, 7, 20, 21, 17, 13, 18, 22, 23, 11, 16, 14, 24, 25, 26, 27, 28, 29, 30
1, 2, 3, 4, 5, 6, 8, 9, 10, 12, 15, 19, 7, 20, 21, 17, 13, 18, 22, 23, 11, 16, 14, 24, 25, 26, 27, 28, 29, 30
1, 2, 3, 4, 5, 6, 8, 9, 10, 12, 15, 19, 7, 20, 21, 17, 13, 18, 22, 23, 11, 16, 14, 24, 25, 26, 27, 28, 29, 30
1, 2, 3, 4, 5, 6, 8, 9, 10, 12, 15, 19, 7, 20, 21, 17, 13, 18, 22, 23, 11, 16, 14, 24, 25, 26, 27, 28, 29, 30
1, 2, 3, 4, 5, 6, 8, 9, 10, 12, 15, 19, 7, 20, 21, 17, 13, 18, 22, 23, 11, 16, 14, 24, 25, 26, 27, 28, 29, 30
1, 2, 3, 4, 5, 6, 8, 9, 10, 12, 15, 19, 7, 20, 21, 17, 13, 18, 22, 23, 11, 16, 14, 24, 25, 26, 27, 28, 29, 30
1, 2, 3, 4, 5, 6, 8, 9, 10, 12, 15, 19, 7, 20, 21, 17, 13, 18, 22, 23, 11, 16, 14, 24, 25, 26, 27, 28, 29, 30
1, 2, 3, 4, 5, 6, 8, 9, 10, 12, 15, 19, 7, 20, 21, 17, 13, 18, 22, 23, 11, 16, 14, 24, 25, 26, 27, 28, 29, 30
1, 2, 3, 4, 5, 6, 8, 9, 10, 12, 15, 19, 7, 20, 21, 17, 13, 18, 22, 23, 11, 16, 14, 24, 25, 26, 27, 28, 29, 30
1, 2, 3, 4, 5, 6, 8, 9, 10, 12, 15, 7, 19, 20, 21, 17, 13, 18, 22, 23, 11, 16, 14, 24, 25, 26, 27, 28, 29, 30
1, 2, 3, 4, 5, 6, 8, 9, 10, 12, 15, 7, 19, 20, 21, 17, 13, 18, 22, 23, 11, 16, 14, 24, 25, 26, 27, 28, 29, 30
1, 2, 3, 4, 5, 6, 8, 9, 10, 12, 15, 7, 19, 20, 21, 17, 13, 18, 22, 23, 11, 16, 14, 24, 25, 26, 27, 28, 29, 30
1, 2, 3, 4, 5, 6, 8, 9, 10, 12, 15, 7, 19, 20, 17, 21, 13, 18, 22, 23, 11, 16, 14, 24, 25, 26, 27, 28, 29, 30
1, 2, 3, 4, 5, 6, 8, 9, 10, 12, 15, 7, 19, 20, 17, 13, 21, 18, 22, 23, 11, 16, 14, 24, 25, 26, 27, 28, 29, 30
1, 2, 3, 4, 5, 6, 8, 9, 10, 12, 15, 7, 19, 20, 17, 13, 18, 21, 22, 23, 11, 16, 14, 24, 25, 26, 27, 28, 29, 30
1, 2, 3, 4, 5, 6, 8, 9, 10, 12, 15, 7, 19, 20, 17, 13, 18, 21, 22, 23, 11, 16, 14, 24, 25, 26, 27, 28, 29, 30
1, 2, 3, 4, 5, 6, 8, 9, 10, 12, 15, 7, 19, 20, 17, 13, 18, 21, 22, 23, 11, 16, 14, 24, 25, 26, 27, 28, 29, 30
1, 2, 3, 4, 5, 6, 8, 9, 10, 12, 15, 7, 19, 20, 17, 13, 18, 21, 22, 11, 23, 16, 14, 24, 25, 26, 27, 28, 29, 30
1, 2, 3, 4, 5, 6, 8, 9, 10, 12, 15, 7, 19, 20, 17, 13, 18, 21, 22, 11, 16, 23, 14, 24, 25, 26, 27, 28, 29, 30
1, 2, 3, 4, 5, 6, 8, 9, 10, 12, 15, 7, 19, 20, 17, 13, 18, 21, 22, 11, 16, 14, 23, 24, 25, 26, 27, 28, 29, 30
1, 2, 3, 4, 5, 6, 8, 9, 10, 12, 15, 7, 19, 20, 17, 13, 18, 21, 22, 11, 16, 14, 23, 24, 25, 26, 27, 28, 29, 30
1, 2, 3, 4, 5, 6, 8, 9, 10, 12, 15, 7, 19, 20, 17, 13, 18, 21, 22, 11, 16, 14, 23, 24, 25, 26, 27, 28, 29, 30
1, 2, 3, 4, 5, 6, 8, 9, 10, 12, 15, 7, 19, 20, 17, 13, 18, 21, 22, 11, 16, 14, 23, 24, 25, 26, 27, 28, 29, 30
1, 2, 3, 4, 5, 6, 8, 9, 10, 12, 15, 7, 19, 20, 17, 13, 18, 21, 22, 11, 16, 14, 23, 24, 25, 26, 27, 28, 29, 30
1, 2, 3, 4, 5, 6, 8, 9, 10, 12, 15, 7, 19, 20, 17, 13, 18, 21, 22, 11, 16, 14, 23, 24, 25, 26, 27, 28, 29, 30
1, 2, 3, 4, 5, 6, 8, 9, 10, 12, 15, 7, 19, 20, 17, 13, 18, 21, 22, 11, 16, 14, 23, 24, 25, 26, 27, 28, 29, 30
1, 2, 3, 4, 5, 6, 8, 9, 10, 12, 15, 7, 19, 20, 17, 13, 18, 21, 22, 11, 16, 14, 23, 24, 25, 26, 27, 28, 29, 30
1, 2, 3, 4, 5, 6, 8, 9, 10, 12, 15, 7, 19, 20, 17, 13, 18, 21, 22, 11, 16, 14, 23, 24, 25, 26, 27, 28, 29, 30
1, 2, 3, 4, 5, 6, 8, 9, 10, 12, 15, 7, 19, 20, 17, 13, 18, 21, 22, 11, 16, 14, 23, 24, 25, 26, 27, 28, 29, 30
1, 2, 3, 4, 5, 6, 8, 9, 10, 12, 15, 7, 19, 20, 17, 13, 18, 21, 22, 11, 16, 14, 23, 24, 25, 26, 27, 28, 29, 30
1, 2, 3, 4, 5, 6, 8, 9, 10, 12, 7, 15, 19, 20, 17, 13, 18, 21, 22, 11, 16, 14, 23, 24, 25, 26, 27, 28, 29, 30
1, 2, 3, 4, 5, 6, 8, 9, 10, 12, 7, 15, 19, 20, 17, 13, 18, 21, 22, 11, 16, 14, 23, 24, 25, 26, 27, 28, 29, 30
1, 2, 3, 4, 5, 6, 8, 9, 10, 12, 7, 15, 19, 20, 17, 13, 18, 21, 22, 11, 16, 14, 23, 24, 25, 26, 27, 28, 29, 30
1, 2, 3, 4, 5, 6, 8, 9, 10, 12, 7, 15, 19, 17, 20, 13, 18, 21, 22, 11, 16, 14, 23, 24, 25, 26, 27, 28, 29, 30
1, 2, 3, 4, 5, 6, 8, 9, 10, 12, 7, 15, 19, 17, 13, 20, 18, 21, 22, 11, 16, 14, 23, 24, 25, 26, 27, 28, 29, 30
1, 2, 3, 4, 5, 6, 8, 9, 10, 12, 7, 15, 19, 17, 13, 18, 20, 21, 22, 11, 16, 14, 23, 24, 25, 26, 27, 28, 29, 30
1, 2, 3, 4, 5, 6, 8, 9, 10, 12, 7, 15, 19, 17, 13, 18, 20, 21, 22, 11, 16, 14, 23, 24, 25, 26, 27, 28, 29, 30
1, 2, 3, 4, 5, 6, 8, 9, 10, 12, 7, 15, 19, 17, 13, 18, 20, 21, 22, 11, 16, 14, 23, 24, 25, 26, 27, 28, 29, 30
1, 2, 3, 4, 5, 6, 8, 9, 10, 12, 7, 15, 19, 17, 13, 18, 20, 21, 11, 22, 16, 14, 23, 24, 25, 26, 27, 28, 29, 30
1, 2, 3, 4, 5, 6, 8, 9, 10, 12, 7, 15, 19, 17, 13, 18, 20, 21, 11, 16, 22, 14, 23, 24, 25, 26, 27, 28, 29, 30
1, 2, 3, 4, 5, 6, 8, 9, 10, 12, 7, 15, 19, 17, 13, 18, 20, 21, 11, 16, 14, 22, 23, 24, 25, 26, 27, 28, 29, 30
1, 2, 3, 4, 5, 6, 8, 9, 10, 12, 7, 15, 19, 17, 13, 18, 20, 21, 11, 16, 14, 22, 23, 24, 25, 26, 27, 28, 29, 30
1, 2, 3, 4, 5, 6, 8, 9, 10, 12, 7, 15, 19, 17, 13, 18, 20, 21, 11, 16, 14, 22, 23, 24, 25, 26, 27, 28, 29, 30
1, 2, 3, 4, 5, 6, 8, 9, 10, 12, 7, 15, 19, 17, 13, 18, 20, 21, 11, 16, 14, 22, 23, 24, 25, 26, 27, 28, 29, 30
1, 2, 3, 4, 5, 6, 8, 9, 10, 12, 7, 15, 19, 17, 13, 18, 20, 21, 11, 16, 14, 22, 23, 24, 25, 26, 27, 28, 29, 30
1, 2, 3, 4, 5, 6, 8, 9, 10, 12, 7, 15, 19, 17, 13, 18, 20, 21, 11, 16, 14, 22, 23, 24, 25, 26, 27, 28, 29, 30
1, 2, 3, 4, 5, 6, 8, 9, 10, 12, 7, 15, 19, 17, 13, 18, 20, 21, 11, 16, 14, 22, 23, 24, 25, 26, 27, 28, 29, 30
1, 2, 3, 4, 5, 6, 8, 9, 10, 12, 7, 15, 19, 17, 13, 18, 20, 21, 11, 16, 14, 22, 23, 24, 25, 26, 27, 28, 29, 30
1, 2, 3, 4, 5, 6, 8, 9, 10, 12, 7, 15, 19, 17, 13, 18, 20, 21, 11, 16, 14, 22, 23, 24, 25, 26, 27, 28, 29, 30
1, 2, 3, 4, 5, 6, 8, 9, 10, 12, 7, 15, 19, 17, 13, 18, 20, 21, 11, 16, 14, 22, 23, 24, 25, 26, 27, 28, 29, 30
1, 2, 3, 4, 5, 6, 8, 9, 10, 7, 12, 15, 19, 17, 13, 18, 20, 21, 11, 16, 14, 22, 23, 24, 25, 26, 27, 28, 29, 30
1, 2, 3, 4, 5, 6, 8, 9, 10, 7, 12, 15, 19, 17, 13, 18, 20, 21, 11, 16, 14, 22, 23, 24, 25, 26, 27, 28, 29, 30
1, 2, 3, 4, 5, 6, 8, 9, 10, 7, 12, 15, 19, 17, 13, 18, 20, 21, 11, 16, 14, 22, 23, 24, 25, 26, 27, 28, 29, 30
1, 2, 3, 4, 5, 6, 8, 9, 10, 7, 12, 15, 17, 19, 13, 18, 20, 21, 11, 16, 14, 22, 23, 24, 25, 26, 27, 28, 29, 30
1, 2, 3, 4, 5, 6, 8, 9, 10, 7, 12, 15, 17, 13, 19, 18, 20, 21, 11, 16, 14, 22, 23, 24, 25, 26, 27, 28, 29, 30
1, 2, 3, 4, 5, 6, 8, 9, 10, 7, 12, 15, 17, 13, 18, 19, 20, 21, 11, 16, 14, 22, 23, 24, 25, 26, 27, 28, 29, 30
1, 2, 3, 4, 5, 6, 8, 9, 10, 7, 12, 15, 17, 13, 18, 19, 20, 21, 11, 16, 14, 22, 23, 24, 25, 26, 27, 28, 29, 30
1, 2, 3, 4, 5, 6, 8, 9, 10, 7, 12, 15, 17, 13, 18, 19, 20, 21, 11, 16, 14, 22, 23, 24, 25, 26, 27, 28, 29, 30
1, 2, 3, 4, 5, 6, 8, 9, 10, 7, 12, 15, 17, 13, 18, 19, 20, 11, 21, 16, 14, 22, 23, 24, 25, 26, 27, 28, 29, 30
1, 2, 3, 4, 5, 6, 8, 9, 10, 7, 12, 15, 17, 13, 18, 19, 20, 11, 16, 21, 14, 22, 23, 24, 25, 26, 27, 28, 29, 30
1, 2, 3, 4, 5, 6, 8, 9, 10, 7, 12, 15, 17, 13, 18, 19, 20, 11, 16, 14, 21, 22, 23, 24, 25, 26, 27, 28, 29, 30
1, 2, 3, 4, 5, 6, 8, 9, 10, 7, 12, 15, 17, 13, 18, 19, 20, 11, 16, 14, 21, 22, 23, 24, 25, 26, 27, 28, 29, 30
1, 2, 3, 4, 5, 6, 8, 9, 10, 7, 12, 15, 17, 13, 18, 19, 20, 11, 16, 14, 21, 22, 23, 24, 25, 26, 27, 28, 29, 30
1, 2, 3, 4, 5, 6, 8, 9, 10, 7, 12, 15, 17, 13, 18, 19, 20, 11, 16, 14, 21, 22, 23, 24, 25, 26, 27, 28, 29, 30
1, 2, 3, 4, 5, 6, 8, 9, 10, 7, 12, 15, 17, 13, 18, 19, 20, 11, 16, 14, 21, 22, 23, 24, 25, 26, 27, 28, 29, 30
1, 2, 3, 4, 5, 6, 8, 9, 10, 7, 12, 15, 17, 13, 18, 19, 20, 11, 16, 14, 21, 22, 23, 24, 25, 26, 27, 28, 29, 30
1, 2, 3, 4, 5, 6, 8, 9, 10, 7, 12, 15, 17, 13, 18, 19, 20, 11, 16, 14, 21, 22, 23, 24, 25, 26, 27, 28, 29, 30
1, 2, 3, 4, 5, 6, 8, 9, 10, 7, 12, 15, 17, 13, 18, 19, 20, 11, 16, 14, 21, 22, 23, 24, 25, 26, 27, 28, 29, 30
1, 2, 3, 4, 5, 6, 8, 9, 10, 7, 12, 15, 17, 13, 18, 19, 20, 11, 16, 14, 21, 22, 23, 24, 25, 26, 27, 28, 29, 30
1, 2, 3, 4, 5, 6, 8, 9, 7, 10, 12, 15, 17, 13, 18, 19, 20, 11, 16, 14, 21, 22, 23, 24, 25, 26, 27, 28, 29, 30
1, 2, 3, 4, 5, 6, 8, 9, 7, 10, 12, 15, 17, 13, 18, 19, 20, 11, 16, 14, 21, 22, 23, 24, 25, 26, 27, 28, 29, 30
1, 2, 3, 4, 5, 6, 8, 9, 7, 10, 12, 15, 17, 13, 18, 19, 20, 11, 16, 14, 21, 22, 23, 24, 25, 26, 27, 28, 29, 30
1, 2, 3, 4, 5, 6, 8, 9, 7, 10, 12, 15, 17, 13, 18, 19, 20, 11, 16, 14, 21, 22, 23, 24, 25, 26, 27, 28, 29, 30
1, 2, 3, 4, 5, 6, 8, 9, 7, 10, 12, 15, 13, 17, 18, 19, 20, 11, 16, 14, 21, 22, 23, 24, 25, 26, 27, 28, 29, 30
1, 2, 3, 4, 5, 6, 8, 9, 7, 10, 12, 15, 13, 17, 18, 19, 20, 11, 16, 14, 21, 22, 23, 24, 25, 26, 27, 28, 29, 30
1, 2, 3, 4, 5, 6, 8, 9, 7, 10, 12, 15, 13, 17, 18, 19, 20, 11, 16, 14, 21, 22, 23, 24, 25, 26, 27, 28, 29, 30
1, 2, 3, 4, 5, 6, 8, 9, 7, 10, 12, 15, 13, 17, 18, 19, 20, 11, 16, 14, 21, 22, 23, 24, 25, 26, 27, 28, 29, 30
1, 2, 3, 4, 5, 6, 8, 9, 7, 10, 12, 15, 13, 17, 18, 19, 11, 20, 16, 14, 21, 22, 23, 24, 25, 26, 27, 28, 29, 30
1, 2, 3, 4, 5, 6, 8, 9, 7, 10, 12, 15, 13, 17, 18, 19, 11, 16, 20, 14, 21, 22, 23, 24, 25, 26, 27, 28, 29, 30
1, 2, 3, 4, 5, 6, 8, 9, 7, 10, 12, 15, 13, 17, 18, 19, 11, 16, 14, 20, 21, 22, 23, 24, 25, 26, 27, 28, 29, 30
1, 2, 3, 4, 5, 6, 8, 9, 7, 10, 12, 15, 13, 17, 18, 19, 11, 16, 14, 20, 21, 22, 23, 24, 25, 26, 27, 28, 29, 30
1, 2, 3, 4, 5, 6, 8, 9, 7, 10, 12, 15, 13, 17, 18, 19, 11, 16, 14, 20, 21, 22, 23, 24, 25, 26, 27, 28, 29, 30
1, 2, 3, 4, 5, 6, 8, 9, 7, 10, 12, 15, 13, 17, 18, 19, 11, 16, 14, 20, 21, 22, 23, 24, 25, 26, 27, 28, 29, 30
1, 2, 3, 4, 5, 6, 8, 9, 7, 10, 12, 15, 13, 17, 18, 19, 11, 16, 14, 20, 21, 22, 23, 24, 25, 26, 27, 28, 29, 30
1, 2, 3, 4, 5, 6, 8, 9, 7, 10, 12, 15, 13, 17, 18, 19, 11, 16, 14, 20, 21, 22, 23, 24, 25, 26, 27, 28, 29, 30
1, 2, 3, 4, 5, 6, 8, 9, 7, 10, 12, 15, 13, 17, 18, 19, 11, 16, 14, 20, 21, 22, 23, 24, 25, 26, 27, 28, 29, 30
1, 2, 3, 4, 5, 6, 8, 9, 7, 10, 12, 15, 13, 17, 18, 19, 11, 16, 14, 20, 21, 22, 23, 24, 25, 26, 27, 28, 29, 30
1, 2, 3, 4, 5, 6, 8, 7, 9, 10, 12, 15, 13, 17, 18, 19, 11, 16, 14, 20, 21, 22, 23, 24, 25, 26, 27, 28, 29, 30
1, 2, 3, 4, 5, 6, 8, 7, 9, 10, 12, 15, 13, 17, 18, 19, 11, 16, 14, 20, 21, 22, 23, 24, 25, 26, 27, 28, 29, 30
1, 2, 3, 4, 5, 6, 8, 7, 9, 10, 12, 15, 13, 17, 18, 19, 11, 16, 14, 20, 21, 22, 23, 24, 25, 26, 27, 28, 29, 30
1, 2, 3, 4, 5, 6, 8, 7, 9, 10, 12, 15, 13, 17, 18, 19, 11, 16, 14, 20, 21, 22, 23, 24, 25, 26, 27, 28, 29, 30
1, 2, 3, 4, 5, 6, 8, 7, 9, 10, 12, 13, 15, 17, 18, 19, 11, 16, 14, 20, 21, 22, 23, 24, 25, 26, 27, 28, 29, 30
1, 2, 3, 4, 5, 6, 8, 7, 9, 10, 12, 13, 15, 17, 18, 19, 11, 16, 14, 20, 21, 22, 23, 24, 25, 26, 27, 28, 29, 30
1, 2, 3, 4, 5, 6, 8, 7, 9, 10, 12, 13, 15, 17, 18, 19, 11, 16, 14, 20, 21, 22, 23, 24, 25, 26, 27, 28, 29, 30
1, 2, 3, 4, 5, 6, 8, 7, 9, 10, 12, 13, 15, 17, 18, 19, 11, 16, 14, 20, 21, 22, 23, 24, 25, 26, 27, 28, 29, 30
1, 2, 3, 4, 5, 6, 8, 7, 9, 10, 12, 13, 15, 17, 18, 11, 19, 16, 14, 20, 21, 22, 23, 24, 25, 26, 27, 28, 29, 30
1, 2, 3, 4, 5, 6, 8, 7, 9, 10, 12, 13, 15, 17, 18, 11, 16, 19, 14, 20, 21, 22, 23, 24, 25, 26, 27, 28, 29, 30
1, 2, 3, 4, 5, 6, 8, 7, 9, 10, 12, 13, 15, 17, 18, 11, 16, 14, 19, 20, 21, 22, 23, 24, 25, 26, 27, 28, 29, 30
1, 2, 3, 4, 5, 6, 8, 7, 9, 10, 12, 13, 15, 17, 18, 11, 16, 14, 19, 20, 21, 22, 23, 24, 25, 26, 27, 28, 29, 30
1, 2, 3, 4, 5, 6, 8, 7, 9, 10, 12, 13, 15, 17, 18, 11, 16, 14, 19, 20, 21, 22, 23, 24, 25, 26, 27, 28, 29, 30
1, 2, 3, 4, 5, 6, 8, 7, 9, 10, 12, 13, 15, 17, 18, 11, 16, 14, 19, 20, 21, 22, 23, 24, 25, 26, 27, 28, 29, 30
1, 2, 3, 4, 5, 6, 8, 7, 9, 10, 12, 13, 15, 17, 18, 11, 16, 14, 19, 20, 21, 22, 23, 24, 25, 26, 27, 28, 29, 30
1, 2, 3, 4, 5, 6, 8, 7, 9, 10, 12, 13, 15, 17, 18, 11, 16, 14, 19, 20, 21, 22, 23, 24, 25, 26, 27, 28, 29, 30
1, 2, 3, 4, 5, 6, 8, 7, 9, 10, 12, 13, 15, 17, 18, 11, 16, 14, 19, 20, 21, 22, 23, 24, 25, 26, 27, 28, 29, 30
1, 2, 3, 4, 5, 6, 7, 8, 9, 10, 12, 13, 15, 17, 18, 11, 16, 14, 19, 20, 21, 22, 23, 24, 25, 26, 27, 28, 29, 30
1, 2, 3, 4, 5, 6, 7, 8, 9, 10, 12, 13, 15, 17, 18, 11, 16, 14, 19, 20, 21, 22, 23, 24, 25, 26, 27, 28, 29, 30
1, 2, 3, 4, 5, 6, 7, 8, 9, 10, 12, 13, 15, 17, 18, 11, 16, 14, 19, 20, 21, 22, 23, 24, 25, 26, 27, 28, 29, 30
1, 2, 3, 4, 5, 6, 7, 8, 9, 10, 12, 13, 15, 17, 18, 11, 16, 14, 19, 20, 21, 22, 23, 24, 25, 26, 27, 28, 29, 30
1, 2, 3, 4, 5, 6, 7, 8, 9, 10, 12, 13, 15, 17, 18, 11, 16, 14, 19, 20, 21, 22, 23, 24, 25, 26, 27, 28, 29, 30
1, 2, 3, 4, 5, 6, 7, 8, 9, 10, 12, 13, 15, 17, 18, 11, 16, 14, 19, 20, 21, 22, 23, 24, 25, 26, 27, 28, 29, 30
1, 2, 3, 4, 5, 6, 7, 8, 9, 10, 12, 13, 15, 17, 18, 11, 16, 14, 19, 20, 21, 22, 23, 24, 25, 26, 27, 28, 29, 30
1, 2, 3, 4, 5, 6, 7, 8, 9, 10, 12, 13, 15, 17, 18, 11, 16, 14, 19, 20, 21, 22, 23, 24, 25, 26, 27, 28, 29, 30
1, 2, 3, 4, 5, 6, 7, 8, 9, 10, 12, 13, 15, 17, 11, 18, 16, 14, 19, 20, 21, 22, 23, 24, 25, 26, 27, 28, 29, 30
1, 2, 3, 4, 5, 6, 7, 8, 9, 10, 12, 13, 15, 17, 11, 16, 18, 14, 19, 20, 21, 22, 23, 24, 25, 26, 27, 28, 29, 30
1, 2, 3, 4, 5, 6, 7, 8, 9, 10, 12, 13, 15, 17, 11, 16, 14, 18, 19, 20, 21, 22, 23, 24, 25, 26, 27, 28, 29, 30
1, 2, 3, 4, 5, 6, 7, 8, 9, 10, 12, 13, 15, 17, 11, 16, 14, 18, 19, 20, 21, 22, 23, 24, 25, 26, 27, 28, 29, 30
1, 2, 3, 4, 5, 6, 7, 8, 9, 10, 12, 13, 15, 17, 11, 16, 14, 18, 19, 20, 21, 22, 23, 24, 25, 26, 27, 28, 29, 30
1, 2, 3, 4, 5, 6, 7, 8, 9, 10, 12, 13, 15, 17, 11, 16, 14, 18, 19, 20, 21, 22, 23, 24, 25, 26, 27, 28, 29, 30
1, 2, 3, 4, 5, 6, 7, 8, 9, 10, 12, 13, 15, 17, 11, 16, 14, 18, 19, 20, 21, 22, 23, 24, 25, 26, 27, 28, 29, 30
1, 2, 3, 4, 5, 6, 7, 8, 9, 10, 12, 13, 15, 17, 11, 16, 14, 18, 19, 20, 21, 22, 23, 24, 25, 26, 27, 28, 29, 30
1, 2, 3, 4, 5, 6, 7, 8, 9, 10, 12, 13, 15, 17, 11, 16, 14, 18, 19, 20, 21, 22, 23, 24, 25, 26, 27, 28, 29, 30
1, 2, 3, 4, 5, 6, 7, 8, 9, 10, 12, 13, 15, 17, 11, 16, 14, 18, 19, 20, 21, 22, 23, 24, 25, 26, 27, 28, 29, 30
1, 2, 3, 4, 5, 6, 7, 8, 9, 10, 12, 13, 15, 17, 11, 16, 14, 18, 19, 20, 21, 22, 23, 24, 25, 26, 27, 28, 29, 30
1, 2, 3, 4, 5, 6, 7, 8, 9, 10, 12, 13, 15, 17, 11, 16, 14, 18, 19, 20, 21, 22, 23, 24, 25, 26, 27, 28, 29, 30
1, 2, 3, 4, 5, 6, 7, 8, 9, 10, 12, 13, 15, 17, 11, 16, 14, 18, 19, 20, 21, 22, 23, 24, 25, 26, 27, 28, 29, 30
1, 2, 3, 4, 5, 6, 7, 8, 9, 10, 12, 13, 15, 17, 11, 16, 14, 18, 19, 20, 21, 22, 23, 24, 25, 26, 27, 28, 29, 30
1, 2, 3, 4, 5, 6, 7, 8, 9, 10, 12, 13, 15, 17, 11, 16, 14, 18, 19, 20, 21, 22, 23, 24, 25, 26, 27, 28, 29, 30
1, 2, 3, 4, 5, 6, 7, 8, 9, 10, 12, 13, 15, 17, 11, 16, 14, 18, 19, 20, 21, 22, 23, 24, 25, 26, 27, 28, 29, 30
1, 2, 3, 4, 5, 6, 7, 8, 9, 10, 12, 13, 15, 11, 17, 16, 14, 18, 19, 20, 21, 22, 23, 24, 25, 26, 27, 28, 29, 30
1, 2, 3, 4, 5, 6, 7, 8, 9, 10, 12, 13, 15, 11, 16, 17, 14, 18, 19, 20, 21, 22, 23, 24, 25, 26, 27, 28, 29, 30
1, 2, 3, 4, 5, 6, 7, 8, 9, 10, 12, 13, 15, 11, 16, 14, 17, 18, 19, 20, 21, 22, 23, 24, 25, 26, 27, 28, 29, 30
1, 2, 3, 4, 5, 6, 7, 8, 9, 10, 12, 13, 15, 11, 16, 14, 17, 18, 19, 20, 21, 22, 23, 24, 25, 26, 27, 28, 29, 30
1, 2, 3, 4, 5, 6, 7, 8, 9, 10, 12, 13, 15, 11, 16, 14, 17, 18, 19, 20, 21, 22, 23, 24, 25, 26, 27, 28, 29, 30
1, 2, 3, 4, 5, 6, 7, 8, 9, 10, 12, 13, 15, 11, 16, 14, 17, 18, 19, 20, 21, 22, 23, 24, 25, 26, 27, 28, 29, 30
1, 2, 3, 4, 5, 6, 7, 8, 9, 10, 12, 13, 15, 11, 16, 14, 17, 18, 19, 20, 21, 22, 23, 24, 25, 26, 27, 28, 29, 30
1, 2, 3, 4, 5, 6, 7, 8, 9, 10, 12, 13, 15, 11, 16, 14, 17, 18, 19, 20, 21, 22, 23, 24, 25, 26, 27, 28, 29, 30
1, 2, 3, 4, 5, 6, 7, 8, 9, 10, 12, 13, 15, 11, 16, 14, 17, 18, 19, 20, 21, 22, 23, 24, 25, 26, 27, 28, 29, 30
1, 2, 3, 4, 5, 6, 7, 8, 9, 10, 12, 13, 15, 11, 16, 14, 17, 18, 19, 20, 21, 22, 23, 24, 25, 26, 27, 28, 29, 30
1, 2, 3, 4, 5, 6, 7, 8, 9, 10, 12, 13, 15, 11, 16, 14, 17, 18, 19, 20, 21, 22, 23, 24, 25, 26, 27, 28, 29, 30
1, 2, 3, 4, 5, 6, 7, 8, 9, 10, 12, 13, 15, 11, 16, 14, 17, 18, 19, 20, 21, 22, 23, 24, 25, 26, 27, 28, 29, 30
1, 2, 3, 4, 5, 6, 7, 8, 9, 10, 12, 13, 15, 11, 16, 14, 17, 18, 19, 20, 21, 22, 23, 24, 25, 26, 27, 28, 29, 30
1, 2, 3, 4, 5, 6, 7, 8, 9, 10, 12, 13, 15, 11, 16, 14, 17, 18, 19, 20, 21, 22, 23, 24, 25, 26, 27, 28, 29, 30
1, 2, 3, 4, 5, 6, 7, 8, 9, 10, 12, 13, 15, 11, 16, 14, 17, 18, 19, 20, 21, 22, 23, 24, 25, 26, 27, 28, 29, 30
1, 2, 3, 4, 5, 6, 7, 8, 9, 10, 12, 13, 11, 15, 16, 14, 17, 18, 19, 20, 21, 22, 23, 24, 25, 26, 27, 28, 29, 30
1, 2, 3, 4, 5, 6, 7, 8, 9, 10, 12, 13, 11, 15, 16, 14, 17, 18, 19, 20, 21, 22, 23, 24, 25, 26, 27, 28, 29, 30
1, 2, 3, 4, 5, 6, 7, 8, 9, 10, 12, 13, 11, 15, 14, 16, 17, 18, 19, 20, 21, 22, 23, 24, 25, 26, 27, 28, 29, 30
1, 2, 3, 4, 5, 6, 7, 8, 9, 10, 12, 13, 11, 15, 14, 16, 17, 18, 19, 20, 21, 22, 23, 24, 25, 26, 27, 28, 29, 30
1, 2, 3, 4, 5, 6, 7, 8, 9, 10, 12, 13, 11, 15, 14, 16, 17, 18, 19, 20, 21, 22, 23, 24, 25, 26, 27, 28, 29, 30
1, 2, 3, 4, 5, 6, 7, 8, 9, 10, 12, 13, 11, 15, 14, 16, 17, 18, 19, 20, 21, 22, 23, 24, 25, 26, 27, 28, 29, 30
1, 2, 3, 4, 5, 6, 7, 8, 9, 10, 12, 13, 11, 15, 14, 16, 17, 18, 19, 20, 21, 22, 23, 24, 25, 26, 27, 28, 29, 30
1, 2, 3, 4, 5, 6, 7, 8, 9, 10, 12, 13, 11, 15, 14, 16, 17, 18, 19, 20, 21, 22, 23, 24, 25, 26, 27, 28, 29, 30
1, 2, 3, 4, 5, 6, 7, 8, 9, 10, 12, 13, 11, 15, 14, 16, 17, 18, 19, 20, 21, 22, 23, 24, 25, 26, 27, 28, 29, 30
1, 2, 3, 4, 5, 6, 7, 8, 9, 10, 12, 13, 11, 15, 14, 16, 17, 18, 19, 20, 21, 22, 23, 24, 25, 26, 27, 28, 29, 30
1, 2, 3, 4, 5, 6, 7, 8, 9, 10, 12, 13, 11, 15, 14, 16, 17, 18, 19, 20, 21, 22, 23, 24, 25, 26, 27, 28, 29, 30
1, 2, 3, 4, 5, 6, 7, 8, 9, 10, 12, 13, 11, 15, 14, 16, 17, 18, 19, 20, 21, 22, 23, 24, 25, 26, 27, 28, 29, 30
1, 2, 3, 4, 5, 6, 7, 8, 9, 10, 12, 13, 11, 15, 14, 16, 17, 18, 19, 20, 21, 22, 23, 24, 25, 26, 27, 28, 29, 30
1, 2, 3, 4, 5, 6, 7, 8, 9, 10, 12, 13, 11, 15, 14, 16, 17, 18, 19, 20, 21, 22, 23, 24, 25, 26, 27, 28, 29, 30
1, 2, 3, 4, 5, 6, 7, 8, 9, 10, 12, 11, 13, 15, 14, 16, 17, 18, 19, 20, 21, 22, 23, 24, 25, 26, 27, 28, 29, 30
1, 2, 3, 4, 5, 6, 7, 8, 9, 10, 12, 11, 13, 15, 14, 16, 17, 18, 19, 20, 21, 22, 23, 24, 25, 26, 27, 28, 29, 30
1, 2, 3, 4, 5, 6, 7, 8, 9, 10, 12, 11, 13, 14, 15, 16, 17, 18, 19, 20, 21, 22, 23, 24, 25, 26, 27, 28, 29, 30
1, 2, 3, 4, 5, 6, 7, 8, 9, 10, 12, 11, 13, 14, 15, 16, 17, 18, 19, 20, 21, 22, 23, 24, 25, 26, 27, 28, 29, 30
1, 2, 3, 4, 5, 6, 7, 8, 9, 10, 12, 11, 13, 14, 15, 16, 17, 18, 19, 20, 21, 22, 23, 24, 25, 26, 27, 28, 29, 30
1, 2, 3, 4, 5, 6, 7, 8, 9, 10, 12, 11, 13, 14, 15, 16, 17, 18, 19, 20, 21, 22, 23, 24, 25, 26, 27, 28, 29, 30
1, 2, 3, 4, 5, 6, 7, 8, 9, 10, 12, 11, 13, 14, 15, 16, 17, 18, 19, 20, 21, 22, 23, 24, 25, 26, 27, 28, 29, 30
1, 2, 3, 4, 5, 6, 7, 8, 9, 10, 12, 11, 13, 14, 15, 16, 17, 18, 19, 20, 21, 22, 23, 24, 25, 26, 27, 28, 29, 30
1, 2, 3, 4, 5, 6, 7, 8, 9, 10, 12, 11, 13, 14, 15, 16, 17, 18, 19, 20, 21, 22, 23, 24, 25, 26, 27, 28, 29, 30
1, 2, 3, 4, 5, 6, 7, 8, 9, 10, 12, 11, 13, 14, 15, 16, 17, 18, 19, 20, 21, 22, 23, 24, 25, 26, 27, 28, 29, 30
1, 2, 3, 4, 5, 6, 7, 8, 9, 10, 12, 11, 13, 14, 15, 16, 17, 18, 19, 20, 21, 22, 23, 24, 25, 26, 27, 28, 29, 30
1, 2, 3, 4, 5, 6, 7, 8, 9, 10, 12, 11, 13, 14, 15, 16, 17, 18, 19, 20, 21, 22, 23, 24, 25, 26, 27, 28, 29, 30
1, 2, 3, 4, 5, 6, 7, 8, 9, 10, 12, 11, 13, 14, 15, 16, 17, 18, 19, 20, 21, 22, 23, 24, 25, 26, 27, 28, 29, 30
1, 2, 3, 4, 5, 6, 7, 8, 9, 10, 11, 12, 13, 14, 15, 16, 17, 18, 19, 20, 21, 22, 23, 24, 25, 26, 27, 28, 29, 30
1, 2, 3, 4, 5, 6, 7, 8, 9, 10, 11, 12, 13, 14, 15, 16, 17, 18, 19, 20, 21, 22, 23, 24, 25, 26, 27, 28, 29, 30
1, 2, 3, 4, 5, 6, 7, 8, 9, 10, 11, 12, 13, 14, 15, 16, 17, 18, 19, 20, 21, 22, 23, 24, 25, 26, 27, 28, 29, 30
1, 2, 3, 4, 5, 6, 7, 8, 9, 10, 11, 12, 13, 14, 15, 16, 17, 18, 19, 20, 21, 22, 23, 24, 25, 26, 27, 28, 29, 30
1, 2, 3, 4, 5, 6, 7, 8, 9, 10, 11, 12, 13, 14, 15, 16, 17, 18, 19, 20, 21, 22, 23, 24, 25, 26, 27, 28, 29, 30
1, 2, 3, 4, 5, 6, 7, 8, 9, 10, 11, 12, 13, 14, 15, 16, 17, 18, 19, 20, 21, 22, 23, 24, 25, 26, 27, 28, 29, 30
1, 2, 3, 4, 5, 6, 7, 8, 9, 10, 11, 12, 13, 14, 15, 16, 17, 18, 19, 20, 21, 22, 23, 24, 25, 26, 27, 28, 29, 30
1, 2, 3, 4, 5, 6, 7, 8, 9, 10, 11, 12, 13, 14, 15, 16, 17, 18, 19, 20, 21, 22, 23, 24, 25, 26, 27, 28, 29, 30
1, 2, 3, 4, 5, 6, 7, 8, 9, 10, 11, 12, 13, 14, 15, 16, 17, 18, 19, 20, 21, 22, 23, 24, 25, 26, 27, 28, 29, 30
1, 2, 3, 4, 5, 6, 7, 8, 9, 10, 11, 12, 13, 14, 15, 16, 17, 18, 19, 20, 21, 22, 23, 24, 25, 26, 27, 28, 29, 30
1, 2, 3, 4, 5, 6, 7, 8, 9, 10, 11, 12, 13, 14, 15, 16, 17, 18, 19, 20, 21, 22, 23, 24, 25, 26, 27, 28, 29, 30
1, 2, 3, 4, 5, 6, 7, 8, 9, 10, 11, 12, 13, 14, 15, 16, 17, 18, 19, 20, 21, 22, 23, 24, 25, 26, 27, 28, 29, 30
1, 2, 3, 4, 5, 6, 7, 8, 9, 10, 11, 12, 13, 14, 15, 16, 17, 18, 19, 20, 21, 22, 23, 24, 25, 26, 27, 28, 29, 30
1, 2, 3, 4, 5, 6, 7, 8, 9, 10, 11, 12, 13, 14, 15, 16, 17, 18, 19, 20, 21, 22, 23, 24, 25, 26, 27, 28, 29, 30
1, 2, 3, 4, 5, 6, 7, 8, 9, 10, 11, 12, 13, 14, 15, 16, 17, 18, 19, 20, 21, 22, 23, 24, 25, 26, 27, 28, 29, 30
1, 2, 3, 4, 5, 6, 7, 8, 9, 10, 11, 12, 13, 14, 15, 16, 17, 18, 19, 20, 21, 22, 23, 24, 25, 26, 27, 28, 29, 30
1, 2, 3, 4, 5, 6, 7, 8, 9, 10, 11, 12, 13, 14, 15, 16, 17, 18, 19, 20, 21, 22, 23, 24, 25, 26, 27, 28, 29, 30
1, 2, 3, 4, 5, 6, 7, 8, 9, 10, 11, 12, 13, 14, 15, 16, 17, 18, 19, 20, 21, 22, 23, 24, 25, 26, 27, 28, 29, 30
1, 2, 3, 4, 5, 6, 7, 8, 9, 10, 11, 12, 13, 14, 15, 16, 17, 18, 19, 20, 21, 22, 23, 24, 25, 26, 27, 28, 29, 30
1, 2, 3, 4, 5, 6, 7, 8, 9, 10, 11, 12, 13, 14, 15, 16, 17, 18, 19, 20, 21, 22, 23, 24, 25, 26, 27, 28, 29, 30
1, 2, 3, 4, 5, 6, 7, 8, 9, 10, 11, 12, 13, 14, 15, 16, 17, 18, 19, 20, 21, 22, 23, 24, 25, 26, 27, 28, 29, 30
1, 2, 3, 4, 5, 6, 7, 8, 9, 10, 11, 12, 13, 14, 15, 16, 17, 18, 19, 20, 21, 22, 23, 24, 25, 26, 27, 28, 29, 30
1, 2, 3, 4, 5, 6, 7, 8, 9, 10, 11, 12, 13, 14, 15, 16, 17, 18, 19, 20, 21, 22, 23, 24, 25, 26, 27, 28, 29, 30
1, 2, 3, 4, 5, 6, 7, 8, 9, 10, 11, 12, 13, 14, 15, 16, 17, 18, 19, 20, 21, 22, 23, 24, 25, 26, 27, 28, 29, 30
1, 2, 3, 4, 5, 6, 7, 8, 9, 10, 11, 12, 13, 14, 15, 16, 17, 18, 19, 20, 21, 22, 23, 24, 25, 26, 27, 28, 29, 30
1, 2, 3, 4, 5, 6, 7, 8, 9, 10, 11, 12, 13, 14, 15, 16, 17, 18, 19, 20, 21, 22, 23, 24, 25, 26, 27, 28, 29, 30
1, 2, 3, 4, 5, 6, 7, 8, 9, 10, 11, 12, 13, 14, 15, 16, 17, 18, 19, 20, 21, 22, 23, 24, 25, 26, 27, 28, 29, 30
1, 2, 3, 4, 5, 6, 7, 8, 9, 10, 11, 12, 13, 14, 15, 16, 17, 18, 19, 20, 21, 22, 23, 24, 25, 26, 27, 28, 29, 30
1, 2, 3, 4, 5, 6, 7, 8, 9, 10, 11, 12, 13, 14, 15, 16, 17, 18, 19, 20, 21, 22, 23, 24, 25, 26, 27, 28, 29, 30
1, 2, 3, 4, 5, 6, 7, 8, 9, 10, 11, 12, 13, 14, 15, 16, 17, 18, 19, 20, 21, 22, 23, 24, 25, 26, 27, 28, 29, 30
1, 2, 3, 4, 5, 6, 7, 8, 9, 10, 11, 12, 13, 14, 15, 16, 17, 18, 19, 20, 21, 22, 23, 24, 25, 26, 27, 28, 29, 30
1, 2, 3, 4, 5, 6, 7, 8, 9, 10, 11, 12, 13, 14, 15, 16, 17, 18, 19, 20, 21, 22, 23, 24, 25, 26, 27, 28, 29, 30
1, 2, 3, 4, 5, 6, 7, 8, 9, 10, 11, 12, 13, 14, 15, 16, 17, 18, 19, 20, 21, 22, 23, 24, 25, 26, 27, 28, 29, 30
1, 2, 3, 4, 5, 6, 7, 8, 9, 10, 11, 12, 13, 14, 15, 16, 17, 18, 19, 20, 21, 22, 23, 24, 25, 26, 27, 28, 29, 30
1, 2, 3, 4, 5, 6, 7, 8, 9, 10, 11, 12, 13, 14, 15, 16, 17, 18, 19, 20, 21, 22, 23, 24, 25, 26, 27, 28, 29, 30
1, 2, 3, 4, 5, 6, 7, 8, 9, 10, 11, 12, 13, 14, 15, 16, 17, 18, 19, 20, 21, 22, 23, 24, 25, 26, 27, 28, 29, 30
1, 2, 3, 4, 5, 6, 7, 8, 9, 10, 11, 12, 13, 14, 15, 16, 17, 18, 19, 20, 21, 22, 23, 24, 25, 26, 27, 28, 29, 30
1, 2, 3, 4, 5, 6, 7, 8, 9, 10, 11, 12, 13, 14, 15, 16, 17, 18, 19, 20, 21, 22, 23, 24, 25, 26, 27, 28, 29, 30
1, 2, 3, 4, 5, 6, 7, 8, 9, 10, 11, 12, 13, 14, 15, 16, 17, 18, 19, 20, 21, 22, 23, 24, 25, 26, 27, 28, 29, 30
1, 2, 3, 4, 5, 6, 7, 8, 9, 10, 11, 12, 13, 14, 15, 16, 17, 18, 19, 20, 21, 22, 23, 24, 25, 26, 27, 28, 29, 30
1, 2, 3, 4, 5, 6, 7, 8, 9, 10, 11, 12, 13, 14, 15, 16, 17, 18, 19, 20, 21, 22, 23, 24, 25, 26, 27, 28, 29, 30
1, 2, 3, 4, 5, 6, 7, 8, 9, 10, 11, 12, 13, 14, 15, 16, 17, 18, 19, 20, 21, 22, 23, 24, 25, 26, 27, 28, 29, 30
1, 2, 3, 4, 5, 6, 7, 8, 9, 10, 11, 12, 13, 14, 15, 16, 17, 18, 19, 20, 21, 22, 23, 24, 25, 26, 27, 28, 29, 30
1, 2, 3, 4, 5, 6, 7, 8, 9, 10, 11, 12, 13, 14, 15, 16, 17, 18, 19, 20, 21, 22, 23, 24, 25, 26, 27, 28, 29, 30
1, 2, 3, 4, 5, 6, 7, 8, 9, 10, 11, 12, 13, 14, 15, 16, 17, 18, 19, 20, 21, 22, 23, 24, 25, 26, 27, 28, 29, 30
1, 2, 3, 4, 5, 6, 7, 8, 9, 10, 11, 12, 13, 14, 15, 16, 17, 18, 19, 20, 21, 22, 23, 24, 25, 26, 27, 28, 29, 30
1, 2, 3, 4, 5, 6, 7, 8, 9, 10, 11, 12, 13, 14, 15, 16, 17, 18, 19, 20, 21, 22, 23, 24, 25, 26, 27, 28, 29, 30
1, 2, 3, 4, 5, 6, 7, 8, 9, 10, 11, 12, 13, 14, 15, 16, 17, 18, 19, 20, 21, 22, 23, 24, 25, 26, 27, 28, 29, 30
1, 2, 3, 4, 5, 6, 7, 8, 9, 10, 11, 12, 13, 14, 15, 16, 17, 18, 19, 20, 21, 22, 23, 24, 25, 26, 27, 28, 29, 30
1, 2, 3, 4, 5, 6, 7, 8, 9, 10, 11, 12, 13, 14, 15, 16, 17, 18, 19, 20, 21, 22, 23, 24, 25, 26, 27, 28, 29, 30
1, 2, 3, 4, 5, 6, 7, 8, 9, 10, 11, 12, 13, 14, 15, 16, 17, 18, 19, 20, 21, 22, 23, 24, 25, 26, 27, 28, 29, 30
1, 2, 3, 4, 5, 6, 7, 8, 9, 10, 11, 12, 13, 14, 15, 16, 17, 18, 19, 20, 21, 22, 23, 24, 25, 26, 27, 28, 29, 30
1, 2, 3, 4, 5, 6, 7, 8, 9, 10, 11, 12, 13, 14, 15, 16, 17, 18, 19, 20, 21, 22, 23, 24, 25, 26, 27, 28, 29, 30
1, 2, 3, 4, 5, 6, 7, 8, 9, 10, 11, 12, 13, 14, 15, 16, 17, 18, 19, 20, 21, 22, 23, 24, 25, 26, 27, 28, 29, 30
1, 2, 3, 4, 5, 6, 7, 8, 9, 10, 11, 12, 13, 14, 15, 16, 17, 18, 19, 20, 21, 22, 23, 24, 25, 26, 27, 28, 29, 30
1, 2, 3, 4, 5, 6, 7, 8, 9, 10, 11, 12, 13, 14, 15, 16, 17, 18, 19, 20, 21, 22, 23, 24, 25, 26, 27, 28, 29, 30
1, 2, 3, 4, 5, 6, 7, 8, 9, 10, 11, 12, 13, 14, 15, 16, 17, 18, 19, 20, 21, 22, 23, 24, 25, 26, 27, 28, 29, 30
1, 2, 3, 4, 5, 6, 7, 8, 9, 10, 11, 12, 13, 14, 15, 16, 17, 18, 19, 20, 21, 22, 23, 24, 25, 26, 27, 28, 29, 30
1, 2, 3, 4, 5, 6, 7, 8, 9, 10, 11, 12, 13, 14, 15, 16, 17, 18, 19, 20, 21, 22, 23, 24, 25, 26, 27, 28, 29, 30
1, 2, 3, 4, 5, 6, 7, 8, 9, 10, 11, 12, 13, 14, 15, 16, 17, 18, 19, 20, 21, 22, 23, 24, 25, 26, 27, 28, 29, 30
1, 2, 3, 4, 5, 6, 7, 8, 9, 10, 11, 12, 13, 14, 15, 16, 17, 18, 19, 20, 21, 22, 23, 24, 25, 26, 27, 28, 29, 30
1, 2, 3, 4, 5, 6, 7, 8, 9, 10, 11, 12, 13, 14, 15, 16, 17, 18, 19, 20, 21, 22, 23, 24, 25, 26, 27, 28, 29, 30
1, 2, 3, 4, 5, 6, 7, 8, 9, 10, 11, 12, 13, 14, 15, 16, 17, 18, 19, 20, 21, 22, 23, 24, 25, 26, 27, 28, 29, 30
1, 2, 3, 4, 5, 6, 7, 8, 9, 10, 11, 12, 13, 14, 15, 16, 17, 18, 19, 20, 21, 22, 23, 24, 25, 26, 27, 28, 29, 30
1, 2, 3, 4, 5, 6, 7, 8, 9, 10, 11, 12, 13, 14, 15, 16, 17, 18, 19, 20, 21, 22, 23, 24, 25, 26, 27, 28, 29, 30
1, 2, 3, 4, 5, 6, 7, 8, 9, 10, 11, 12, 13, 14, 15, 16, 17, 18, 19, 20, 21, 22, 23, 24, 25, 26, 27, 28, 29, 30
1, 2, 3, 4, 5, 6, 7, 8, 9, 10, 11, 12, 13, 14, 15, 16, 17, 18, 19, 20, 21, 22, 23, 24, 25, 26, 27, 28, 29, 30
1, 2, 3, 4, 5, 6, 7, 8, 9, 10, 11, 12, 13, 14, 15, 16, 17, 18, 19, 20, 21, 22, 23, 24, 25, 26, 27, 28, 29, 30
1, 2, 3, 4, 5, 6, 7, 8, 9, 10, 11, 12, 13, 14, 15, 16, 17, 18, 19, 20, 21, 22, 23, 24, 25, 26, 27, 28, 29, 30
1, 2, 3, 4, 5, 6, 7, 8, 9, 10, 11, 12, 13, 14, 15, 16, 17, 18, 19, 20, 21, 22, 23, 24, 25, 26, 27, 28, 29, 30
1, 2, 3, 4, 5, 6, 7, 8, 9, 10, 11, 12, 13, 14, 15, 16, 17, 18, 19, 20, 21, 22, 23, 24, 25, 26, 27, 28, 29, 30
1, 2, 3, 4, 5, 6, 7, 8, 9, 10, 11, 12, 13, 14, 15, 16, 17, 18, 19, 20, 21, 22, 23, 24, 25, 26, 27, 28, 29, 30
1, 2, 3, 4, 5, 6, 7, 8, 9, 10, 11, 12, 13, 14, 15, 16, 17, 18, 19, 20, 21, 22, 23, 24, 25, 26, 27, 28, 29, 30
1, 2, 3, 4, 5, 6, 7, 8, 9, 10, 11, 12, 13, 14, 15, 16, 17, 18, 19, 20, 21, 22, 23, 24, 25, 26, 27, 28, 29, 30
1, 2, 3, 4, 5, 6, 7, 8, 9, 10, 11, 12, 13, 14, 15, 16, 17, 18, 19, 20, 21, 22, 23, 24, 25, 26, 27, 28, 29, 30
1, 2, 3, 4, 5, 6, 7, 8, 9, 10, 11, 12, 13, 14, 15, 16, 17, 18, 19, 20, 21, 22, 23, 24, 25, 26, 27, 28, 29, 30
1, 2, 3, 4, 5, 6, 7, 8, 9, 10, 11, 12, 13, 14, 15, 16, 17, 18, 19, 20, 21, 22, 23, 24, 25, 26, 27, 28, 29, 30
1, 2, 3, 4, 5, 6, 7, 8, 9, 10, 11, 12, 13, 14, 15, 16, 17, 18, 19, 20, 21, 22, 23, 24, 25, 26, 27, 28, 29, 30
1, 2, 3, 4, 5, 6, 7, 8, 9, 10, 11, 12, 13, 14, 15, 16, 17, 18, 19, 20, 21, 22, 23, 24, 25, 26, 27, 28, 29, 30
1, 2, 3, 4, 5, 6, 7, 8, 9, 10, 11, 12, 13, 14, 15, 16, 17, 18, 19, 20, 21, 22, 23, 24, 25, 26, 27, 28, 29, 30
1, 2, 3, 4, 5, 6, 7, 8, 9, 10, 11, 12, 13, 14, 15, 16, 17, 18, 19, 20, 21, 22, 23, 24, 25, 26, 27, 28, 29, 30
